seg_id,time_to_failure
seg_00030f,5.018763065
seg_0012b5,5.630552769
seg_00184e,4.831608295
seg_003339,8.37412262
seg_0042cc,6.799612522
seg_004314,2.810250044
seg_004cd2,7.34094429
seg_004ee5,3.0440135
seg_004f1f,4.499958992
seg_00648a,3.004546404
seg_006e4a,3.287060261
seg_007a37,4.45042944
seg_00a37e,4.109160423
seg_00be11,3.220774174
seg_00c35b,7.922501564
seg_00cc91,4.747673035
seg_00e5f7,7.200250626
seg_00f3b9,3.761069059
seg_010eab,7.403226852
seg_0125d9,5.276807785
seg_0144cb,5.479399204
seg_0165c6,10.65323925
seg_016913,4.00831461
seg_016cdb,4.886342049
seg_017314,7.791708469
seg_01a8dc,5.267014503
seg_01c775,7.775166988
seg_01ecb0,5.534337044
seg_02042f,2.929584026
seg_025e78,6.107722282
seg_032822,4.717154503
seg_0339ca,3.888893843
seg_037461,4.251133919
seg_038879,6.960104942
seg_03d386,2.429522514
seg_03d63e,4.244250298
seg_03d680,8.193762779
seg_03f380,4.226828575
seg_0445d7,5.131298542
seg_046c28,3.107335091
seg_0488a1,6.860618114
seg_049957,7.436160564
seg_04a696,8.722716331
seg_04ae38,5.488148212
seg_04b87a,7.78450346
seg_04cceb,8.717654228
seg_04ee93,7.8953619
seg_04fd93,6.636679649
seg_0536c9,4.766096592
seg_055127,5.685082912
seg_05a1b0,5.461098671
seg_05a4ad,7.550249577
seg_05b66a,10.9290905
seg_05bef4,2.973880529
seg_05e0d7,3.231802225
seg_05f126,7.500445366
seg_05f9d6,6.89569664
seg_060ce4,3.18874979
seg_061a33,7.503596306
seg_0620e6,6.99605608
seg_063865,5.194262028
seg_065588,3.863821507
seg_06893f,2.389829159
seg_06b8c9,4.913669586
seg_06bbc5,3.66916275
seg_06d4a2,4.183251381
seg_06d7ba,3.58506608
seg_070bb0,2.154683352
seg_071067,3.053744316
seg_073696,8.785378456
seg_075340,5.136141777
seg_075f77,3.40004158
seg_0775a7,4.571789265
seg_077b7e,5.341352463
seg_079e34,4.571493626
seg_07c815,5.63630867
seg_07cd72,5.216189384
seg_07f37c,3.70947051
seg_07f8df,4.309164047
seg_07fc6d,7.999373436
seg_086a61,8.787096977
seg_0870ab,4.742144108
seg_0879a8,7.92402935
seg_08b136,7.318157673
seg_08f441,4.298781395
seg_08fd5b,4.576304913
seg_091c9d,8.231952667
seg_093a0a,8.017929077
seg_0968f1,7.716402531
seg_0981f3,2.919975281
seg_09dd59,6.95942831
seg_09ed4e,9.877065659
seg_09f0ff,4.616110802
seg_0a0fbb,9.561833382
seg_0a1bd0,5.708661079
seg_0a42ba,8.268558502
seg_0a45a1,3.077577353
seg_0a97c4,6.190905571
seg_0aa0fb,6.751801491
seg_0b07c7,6.482575893
seg_0b082e,8.271814346
seg_0b32f7,2.719666243
seg_0b3b94,5.388128757
seg_0b48c4,3.812629938
seg_0b4b24,3.489354372
seg_0b54ac,3.866462469
seg_0b76f5,8.84041214
seg_0b9ad8,6.3860569
seg_0b9ba3,9.12436676
seg_0ba210,10.46652603
seg_0ba585,4.772888184
seg_0bb5fd,6.150422573
seg_0bc877,3.331861019
seg_0be6ee,2.89292264
seg_0c12cc,7.301829338
seg_0c1d3a,4.452060699
seg_0c247b,6.601210117
seg_0c3943,3.091736078
seg_0c4e31,2.780558348
seg_0c74cf,2.965017557
seg_0c8502,8.791191101
seg_0c89ce,6.455698013
seg_0c9aa8,8.266820908
seg_0cb81b,2.878042936
seg_0cca14,4.536761284
seg_0cdcc8,2.174917698
seg_0cf651,2.497197628
seg_0d0250,3.714870691
seg_0d04b9,6.659360409
seg_0d13a7,4.839562416
seg_0d434c,8.52203083
seg_0d540e,3.321035624
seg_0d663a,7.418962479
seg_0d6d68,5.363482475
seg_0d762e,7.794549465
seg_0d833c,7.389897823
seg_0dae4b,3.656216621
seg_0dc38f,2.255220413
seg_0dcc40,7.432790756
seg_0df469,5.271129608
seg_0df75c,9.472878456
seg_0dfe8c,4.319639683
seg_0e1370,2.58050108
seg_0e1fbe,4.944227219
seg_0e3739,5.087211609
seg_0e3d44,2.303916931
seg_0e3ed2,3.028086185
seg_0e4833,9.460092545
seg_0e7cc5,5.271269798
seg_0e8b79,6.619586468
seg_0e9987,5.407876968
seg_0e9bb3,7.858193874
seg_0eb333,2.412969351
seg_0ebfd9,5.552493572
seg_0f565c,4.949409485
seg_0f74a3,6.340357304
seg_0f8961,8.993647575
seg_0fc67a,10.17719746
seg_0fca83,3.74164176
seg_0fd3ff,2.982942343
seg_1010ad,6.858260155
seg_103b32,4.798928738
seg_105cd9,3.266736031
seg_1084af,7.26820612
seg_10a595,5.321640968
seg_10c09d,8.897053719
seg_10f3a6,3.821195602
seg_112b81,8.455821991
seg_1144bc,10.32451534
seg_114b79,6.148642063
seg_115617,3.200640202
seg_115a92,4.406014919
seg_11647f,2.942770004
seg_117278,4.853435516
seg_117ff4,5.014931679
seg_11860f,4.929643154
seg_1201e8,5.502154827
seg_121446,7.653047562
seg_121cba,3.718917847
seg_122ba9,4.318193436
seg_123dd4,5.844346523
seg_12ac20,10.29188442
seg_12b9ba,6.792202473
seg_12ee6e,4.671052933
seg_130e17,2.540781498
seg_13468a,6.686524391
seg_136285,5.545101166
seg_136695,7.479916096
seg_137f8a,8.055945396
seg_138807,4.970524788
seg_13c2f0,5.869373798
seg_13e25f,6.965758801
seg_140bc5,3.290795565
seg_141f34,10.86624146
seg_146926,8.797320366
seg_148698,6.52251482
seg_14ad27,2.455426693
seg_14c054,9.007704735
seg_14c371,8.102125168
seg_14c435,4.019208908
seg_14c89d,5.350868225
seg_14c8ce,7.068441868
seg_14d1d3,5.473822594
seg_14f5f0,8.141439438
seg_151368,6.365584373
seg_151d92,2.820458412
seg_153d6a,9.733421326
seg_154361,7.557944775
seg_1562cb,6.117536545
seg_158691,4.675911427
seg_158764,7.159315586
seg_15adff,5.206240654
seg_15bf25,7.777130604
seg_15c9f9,3.314504147
seg_161aeb,7.917693138
seg_161f5f,3.288862467
seg_162fc4,6.633971691
seg_16566c,5.312912464
seg_166f70,6.3864851
seg_168d1c,8.076589584
seg_16a270,5.746887684
seg_16c3a7,4.875367641
seg_17067e,5.054460049
seg_170684,8.933085442
seg_170a0c,8.871850967
seg_176542,7.632230759
seg_17799c,6.147286415
seg_179d90,7.278261662
seg_17adc0,4.126971245
seg_17d1ff,4.66975832
seg_17e596,7.664757252
seg_180481,4.987940311
seg_18096a,7.461407185
seg_1815fe,9.103790283
seg_1827c5,6.748598576
seg_184222,5.419793129
seg_185ad6,8.743392944
seg_18d1d0,3.786848068
seg_18d307,2.488542557
seg_18f633,3.198012829
seg_18f853,5.241484165
seg_18fb65,3.267045736
seg_193404,11.25209332
seg_19515c,5.795714378
seg_195eda,6.037796021
seg_1969c8,7.003171921
seg_19b08e,3.70324111
seg_19b9dd,6.804902554
seg_19e1ff,7.407200336
seg_19ec5c,9.573143005
seg_1a0e94,10.70505714
seg_1a0eca,5.465188503
seg_1a671a,4.484689713
seg_1a791c,5.583125591
seg_1a8e06,3.3919034
seg_1a8f0d,3.593787909
seg_1a8f2c,6.950868607
seg_1abcaf,2.748776436
seg_1ac9e2,5.046005249
seg_1ae362,7.541467667
seg_1afa29,3.430746317
seg_1b08a4,5.071555138
seg_1b1ad8,4.814354897
seg_1b2298,8.130348206
seg_1b78af,5.590666294
seg_1baf33,4.971801758
seg_1bd38e,8.653313637
seg_1bf7b3,3.422474146
seg_1c401b,7.597588062
seg_1c4c5b,6.090053558
seg_1c4e72,5.760452747
seg_1c849d,4.488616943
seg_1c904f,3.091275692
seg_1c929e,4.36425209
seg_1cb942,8.93669796
seg_1cd352,5.591912746
seg_1cf1b5,3.80698204
seg_1d044c,5.139178276
seg_1d11e5,3.940388203
seg_1d596d,5.229091167
seg_1d980f,3.894209385
seg_1da819,4.007885933
seg_1db443,6.266867161
seg_1db8e8,9.966906548
seg_1dec9c,9.112766266
seg_1e0523,3.691351414
seg_1e0b82,8.880544662
seg_1e572b,9.031832695
seg_1e617a,3.748128891
seg_1e61d6,3.033766747
seg_1e677e,5.325525761
seg_1eae76,5.811501026
seg_1ebe6b,4.10992527
seg_1ece48,4.01296711
seg_1eeb8f,2.766011
seg_1ef708,2.860960722
seg_1f1e60,8.590991974
seg_1f3d44,7.139072895
seg_1f3ede,3.795088053
seg_1f5240,3.481257677
seg_1f7cf8,2.983834028
seg_1f9aed,6.461304665
seg_1fa983,3.40152812
seg_1fc7ab,6.168848991
seg_1fe311,8.825419426
seg_2005a7,6.160595894
seg_2018c8,8.80375576
seg_204dc6,2.879693508
seg_208ba5,3.398636341
seg_2099f4,5.486561775
seg_20a990,3.775893927
seg_20b8d0,4.238987923
seg_20cbac,5.188256741
seg_20cc25,1.925345302
seg_20d9de,9.187878609
seg_20e9ad,5.212023258
seg_210388,6.365489483
seg_211299,7.015556812
seg_211486,8.587352753
seg_214492,4.590856075
seg_217eed,2.940141201
seg_218049,4.638630867
seg_21eebb,4.779341221
seg_21faa9,10.5055275
seg_222c5f,2.981368542
seg_225320,8.254439354
seg_226e60,8.862107277
seg_229eda,6.64877224
seg_22e509,5.009621143
seg_2313d1,5.205778122
seg_232559,8.227270126
seg_23323e,3.940312624
seg_2367fb,8.50978756
seg_238242,7.584182262
seg_2383c2,6.594379902
seg_2396a2,2.883596897
seg_23b123,9.824365616
seg_23bdf9,5.932784081
seg_23c947,2.539520741
seg_23efb0,5.203696251
seg_23f823,5.190488815
seg_23fe27,7.59551096
seg_241266,3.798596859
seg_24157a,7.321081638
seg_24458d,5.204782963
seg_2465ce,5.830031395
seg_247262,6.211576939
seg_24ba8d,5.451915741
seg_24c078,7.127705097
seg_24c1c9,5.081053734
seg_24e071,4.013515949
seg_24f338,4.518297195
seg_257b8a,6.939562321
seg_2597af,5.27486515
seg_259c63,4.594090462
seg_259d65,4.047798634
seg_259dd3,8.059719086
seg_25aa9f,9.628170967
seg_25ab3f,5.041714191
seg_25b38a,7.977574825
seg_25c8dc,7.102591515
seg_25cca7,8.951105118
seg_25e76d,2.715656042
seg_26049e,7.9650383
seg_263deb,3.763183594
seg_263fb3,3.371508121
seg_2642d0,3.854229927
seg_2642d4,7.305634022
seg_264c7d,8.22409153
seg_266805,3.984660625
seg_266c6e,5.222374916
seg_266d4e,5.133657932
seg_268249,5.178379536
seg_268625,4.761057377
seg_268956,5.04231739
seg_26a2a0,1.749724627
seg_26cba3,5.134576321
seg_26edaa,8.404467583
seg_2700bd,5.484528065
seg_272a47,1.88852334
seg_274a1a,6.973415852
seg_2774c4,8.925209999
seg_279725,8.181158066
seg_27a282,2.741481304
seg_27b7c8,7.259184361
seg_27db4d,7.626469135
seg_27de37,7.328345299
seg_27f532,8.346673965
seg_27ff17,5.235394001
seg_280863,4.923185349
seg_280e3b,4.974276543
seg_284223,4.785055161
seg_284923,8.534683228
seg_287e60,3.094763994
seg_287fef,3.08865118
seg_288001,4.966072559
seg_2883ec,8.154700279
seg_289d99,2.242429733
seg_28fc32,7.394933224
seg_29022f,3.410797596
seg_2916e3,9.118470192
seg_293dbf,3.735247135
seg_293dc2,3.392975092
seg_29475f,3.83669734
seg_295b1c,9.025822639
seg_2977cd,5.527481556
seg_29a073,5.35196209
seg_29acb7,4.154810905
seg_29c772,6.262288094
seg_29c906,5.736073494
seg_29d497,4.760127068
seg_29d4c6,9.525934219
seg_29e799,5.287251472
seg_2a0ace,10.32482052
seg_2a0afc,5.043402672
seg_2a0dc0,8.661979675
seg_2a2f1e,7.207642555
seg_2a4551,7.643635273
seg_2a6343,8.963149071
seg_2a8351,2.623096228
seg_2aa101,2.851401329
seg_2abd33,5.074300766
seg_2b2cb3,7.40649271
seg_2b372b,3.704358339
seg_2b4959,6.140724659
seg_2b6d52,9.91428566
seg_2ba79a,2.482201815
seg_2bcbde,9.802558899
seg_2be983,10.00883389
seg_2bf5be,6.985500813
seg_2bf9dd,8.994261742
seg_2c3203,2.814489603
seg_2c5e9f,6.982328415
seg_2c6011,5.145763874
seg_2c69e4,8.157114029
seg_2c762c,7.349791527
seg_2cac57,10.14762115
seg_2cadc0,7.323494434
seg_2cdbe3,4.325696945
seg_2d3828,6.0277071
seg_2d402d,2.754092455
seg_2d427f,2.322127819
seg_2d5544,5.370158195
seg_2d7cc4,3.84348917
seg_2d92f0,9.416355133
seg_2db7dc,4.618648529
seg_2dc6ff,2.372998714
seg_2dccec,4.946753979
seg_2dcd3a,3.569906235
seg_2dcd84,8.959266663
seg_2dfb91,3.523650646
seg_2e2372,7.034763336
seg_2e50fb,3.371453285
seg_2e64af,4.442022324
seg_2e71dd,2.705635786
seg_2e88dd,5.47668314
seg_2e917f,7.002567768
seg_2e9a47,6.280380726
seg_2ea616,4.516243935
seg_2eccb9,3.164740801
seg_2ece02,5.267251015
seg_2ed79b,5.38172245
seg_2eddf6,8.337696075
seg_2ee95c,10.16654015
seg_2efd5c,7.518544674
seg_2f1664,7.051272869
seg_2f4f14,4.305467606
seg_2f5695,4.413576126
seg_2f60db,6.07813406
seg_2f86cd,2.82516408
seg_2f8e19,7.991859436
seg_2f8f6d,11.0561161
seg_2f9336,4.64346838
seg_2f9581,3.958016396
seg_2fb672,8.057796478
seg_2fe382,5.113483429
seg_301c1e,6.955615997
seg_30207d,9.715716362
seg_304581,5.170268536
seg_304b87,4.173885345
seg_304df5,8.021068573
seg_30501b,9.50339222
seg_3065ba,5.712418079
seg_30661b,5.191409588
seg_306756,9.449895859
seg_30ad2a,2.60037899
seg_30b043,3.431949377
seg_30da11,4.240423203
seg_30fd84,8.35549736
seg_310230,4.593806267
seg_31064b,2.44046545
seg_311499,2.840174198
seg_311b5e,2.860765934
seg_3128e6,5.411273003
seg_3151ff,5.588362694
seg_31631c,7.948174
seg_316f86,3.044216871
seg_318135,3.159897566
seg_31a51f,4.000133514
seg_31a6cd,3.538542032
seg_31b808,6.652272224
seg_31c0f4,9.574613571
seg_31d763,5.090193748
seg_31d7bf,2.740757704
seg_31d810,7.363766193
seg_31ddc5,8.09355545
seg_3234ca,4.517839909
seg_324447,7.036976337
seg_324537,5.003170967
seg_325790,4.918714523
seg_326eb7,5.517305374
seg_327ed4,3.934893131
seg_32906d,3.250381231
seg_32ad0f,9.668922424
seg_32c904,7.773053646
seg_32d747,4.944743156
seg_32e763,4.297947884
seg_32f3a9,5.250687122
seg_32f6df,4.716234684
seg_32f72d,5.272644997
seg_32fc4e,7.512387276
seg_330579,5.113545895
seg_3319b5,9.256307602
seg_331f2b,8.829713821
seg_3340b9,4.377048492
seg_335170,2.205488205
seg_337b8c,4.385206223
seg_339f80,6.981439114
seg_33c30d,3.11191678
seg_342ce6,8.079938889
seg_343571,7.152815819
seg_3452b2,5.195405483
seg_34a2b8,4.27737999
seg_34a8f7,9.287433624
seg_34abd2,2.639029026
seg_34ef79,4.959751606
seg_3506d6,5.043016434
seg_35269b,8.787361145
seg_355717,3.584466219
seg_355d19,9.196306229
seg_35a2d7,8.635103226
seg_35b009,4.227693081
seg_35b753,5.73966074
seg_35ba8f,8.229152679
seg_35c587,6.038476467
seg_35dd45,9.911092758
seg_35ee83,5.579814911
seg_36147d,4.071977615
seg_361f5a,9.407599449
seg_3631ec,4.554501534
seg_3661de,9.533281326
seg_369570,4.726650238
seg_36b77f,9.382314682
seg_36e32d,9.996767998
seg_3706be,7.986136913
seg_373a04,7.122111797
seg_373ba6,5.329552174
seg_37608b,5.28290081
seg_3761d0,4.031392097
seg_37669c,4.739022732
seg_376908,3.041847944
seg_377134,4.476536751
seg_3788c5,7.326444149
seg_37bf85,3.015570402
seg_37f3fb,3.606940031
seg_38001b,2.823180914
seg_383b6b,5.267114639
seg_383f2e,8.872217178
seg_3865bc,3.771379232
seg_3878d0,4.515282154
seg_389906,7.315703392
seg_38ad16,9.31183815
seg_38ee24,5.65598917
seg_392019,4.689408779
seg_39300d,2.32206893
seg_395e0e,8.48871994
seg_397983,8.589229584
seg_397dc9,8.865268707
seg_398a25,5.600391388
seg_39a886,5.416999817
seg_39ad50,2.635543585
seg_3a1600,3.849908352
seg_3a22ac,4.75191021
seg_3a80c5,6.810194969
seg_3a8a76,2.758407831
seg_3aca44,3.750664949
seg_3adb1a,5.100189209
seg_3ae4d9,3.246140003
seg_3af649,5.405970573
seg_3b2013,2.606425524
seg_3b30fd,8.634552956
seg_3b4414,3.592440128
seg_3b7175,4.856786251
seg_3b7724,9.724847794
seg_3b95d2,9.254290581
seg_3b95dc,4.832761765
seg_3ba485,9.198926926
seg_3bb90a,5.278585911
seg_3bc9ed,5.084720612
seg_3bd97e,8.903512001
seg_3bf9ac,2.616333008
seg_3bfcf6,5.456769943
seg_3c3ddf,2.984146118
seg_3c4106,3.087348461
seg_3c64fb,7.220070839
seg_3c8545,2.797020435
seg_3cba49,5.809597492
seg_3cbccf,4.251932144
seg_3ce740,8.489268303
seg_3cfb73,8.892889023
seg_3d059a,5.355670929
seg_3d06cc,4.822686672
seg_3d19fc,5.137108326
seg_3d1cb3,4.932950974
seg_3d1f2e,5.04417181
seg_3d581c,2.245476246
seg_3d6aac,6.831675053
seg_3d6e79,6.633220196
seg_3d9aa0,4.596574306
seg_3db0a8,3.183248281
seg_3e00cd,8.326156616
seg_3e55d5,4.011553764
seg_3e87b4,3.443047523
seg_3ec967,4.790431023
seg_3edf51,3.782273054
seg_3f2086,9.37735939
seg_3f3689,3.261790276
seg_3f3983,7.953957081
seg_3f5be6,5.168762207
seg_3f80ef,4.861112595
seg_3f99c8,2.658967972
seg_3fb24b,4.38923502
seg_3fc7ca,9.649538994
seg_3fdae0,7.81494379
seg_407b2b,6.879395485
seg_40b3aa,2.099883556
seg_40f810,5.539068222
seg_411225,4.255339622
seg_414d0f,6.308307648
seg_4185b3,4.796288013
seg_419531,7.460765362
seg_419b2a,7.70882082
seg_41a267,8.395374298
seg_41aadc,5.985535145
seg_41ab7e,5.639196396
seg_41be18,8.306558609
seg_41be7d,7.161445141
seg_41f45e,6.460250378
seg_420bcc,5.068763256
seg_420d4e,7.565254211
seg_421a96,6.568140507
seg_421da1,7.384940147
seg_423ebe,5.053795338
seg_425462,4.759740829
seg_42648c,3.730457783
seg_4280d9,9.487801552
seg_428d66,3.147887707
seg_42c4c9,6.237881184
seg_42e7e8,5.479240894
seg_42ff14,9.495553017
seg_430e66,7.542503834
seg_43383f,5.558743954
seg_434c96,2.792555094
seg_43597f,4.908594131
seg_43c6f4,7.741457462
seg_440106,8.993663788
seg_4401d8,7.538134575
seg_441c6d,8.303168297
seg_4435bd,4.293374062
seg_447972,2.886009932
seg_447b8b,8.913887024
seg_447cb3,7.427127361
seg_44d3ca,3.229049921
seg_455b16,3.789829016
seg_456149,8.84360218
seg_457234,8.870724678
seg_45838b,6.968290329
seg_4587bb,7.872055054
seg_45a8a9,2.653925419
seg_45b051,1.984493017
seg_45e062,5.472481251
seg_45e4ed,3.94565773
seg_45e7ad,2.668741941
seg_46012e,8.056286812
seg_460436,7.31730032
seg_461ab5,3.452849388
seg_461b63,5.26020956
seg_462c1d,8.118571281
seg_464839,7.886624336
seg_468bc9,8.81872654
seg_468fdb,3.294220686
seg_46a42b,3.212320566
seg_46b84d,7.264411926
seg_46c6d3,8.769827843
seg_46dd7c,4.38918066
seg_4729a7,3.94674468
seg_4743ab,9.385774612
seg_4743fa,10.11301136
seg_476700,4.041956902
seg_476bdb,3.534535408
seg_477c83,3.216509581
seg_478327,6.587521553
seg_47a48f,8.882464409
seg_47d374,3.27240777
seg_47fed6,8.795100212
seg_482745,3.96043396
seg_4848e3,5.649241924
seg_484901,5.118152142
seg_486973,3.640439987
seg_48a4b3,7.529124737
seg_48a80c,3.267235994
seg_48b545,7.620689392
seg_48feba,4.461475372
seg_490092,10.4498415
seg_490d6e,6.759261608
seg_492dc6,4.770333767
seg_49322d,6.931550026
seg_49336f,4.260275841
seg_495573,8.622145653
seg_496d07,3.013328075
seg_496dad,2.90399003
seg_49b0cb,6.820733547
seg_49d84b,5.77850914
seg_49fdf0,9.184855461
seg_4a2525,10.02884102
seg_4a6096,2.180627823
seg_4a719c,4.512282848
seg_4a91a9,4.411320686
seg_4a9e6b,7.015003681
seg_4a9e8d,8.86945343
seg_4ab7bf,9.224850655
seg_4abc29,4.112428665
seg_4acc4b,3.808373451
seg_4ad5a2,7.077156544
seg_4ad674,4.762393951
seg_4adeda,9.807441711
seg_4ae37c,6.826725483
seg_4ae712,8.951058388
seg_4b0839,3.013688803
seg_4b4c91,7.959764957
seg_4b4ffb,4.605774403
seg_4b8044,4.919082642
seg_4b953a,3.830557585
seg_4ba3d1,7.110587597
seg_4c067a,6.250056744
seg_4c12b2,3.152221441
seg_4c18e2,2.643594265
seg_4c3a2b,6.912330627
seg_4c4995,5.280377865
seg_4c65e6,7.325457096
seg_4c8db6,7.958676815
seg_4ca6de,7.568123341
seg_4cb0d7,7.977065563
seg_4cb9c6,4.629991531
seg_4ce234,7.772616386
seg_4d0008,5.353917122
seg_4d0041,7.098436356
seg_4d0c45,6.947432518
seg_4d18f4,2.900712729
seg_4d2671,5.582236767
seg_4d53c2,9.142212868
seg_4d5a4a,4.61734581
seg_4d7c56,4.414534569
seg_4d8f0f,3.682534218
seg_4db886,8.906909943
seg_4db997,3.250163794
seg_4dbbd1,6.827821732
seg_4ddddc,5.073459148
seg_4dfa03,3.20032382
seg_4e0c4a,8.437781334
seg_4e2c66,2.201672077
seg_4e3bd7,2.568871498
seg_4e627b,5.757313728
seg_4e9646,7.456215858
seg_4ea3fa,5.768489838
seg_4ea81c,3.375908852
seg_4eb127,3.60000062
seg_4eeaef,3.160010815
seg_4eef28,8.125637054
seg_4f48b4,2.146852016
seg_4f5931,8.874382973
seg_4f76a2,4.905155659
seg_4f83a3,8.083930969
seg_4fa87d,7.995225906
seg_4fce5b,3.002397299
seg_4fd191,4.3451581
seg_500108,4.852557182
seg_5009d9,2.555156946
seg_500c80,6.788226604
seg_502fab,7.9732728
seg_507065,4.9914608
seg_5090fa,7.748530388
seg_509d55,5.228461266
seg_50a667,3.742068768
seg_50b048,7.866490841
seg_50e270,7.187812805
seg_511d25,8.831810951
seg_512b3e,10.42722225
seg_514543,4.786329269
seg_5147e1,5.411836147
seg_514b85,8.322994232
seg_5165a4,5.588056564
seg_517345,5.12537241
seg_517425,3.222501278
seg_51865e,3.445302725
seg_518b1e,3.596470833
seg_51b68c,10.20572567
seg_51f0a2,4.477636814
seg_51f6fd,5.080087662
seg_521a88,7.982357502
seg_523945,2.721654415
seg_524b39,5.880087376
seg_5254ce,8.03090477
seg_5255c0,7.311886787
seg_52636c,3.477483273
seg_529be4,4.9356637
seg_529c99,5.517558575
seg_52c139,9.942670822
seg_530a02,8.764525414
seg_53103b,3.044818401
seg_5311d1,2.776316404
seg_533613,7.931002617
seg_53498a,3.283382177
seg_53a557,4.144273758
seg_53a5fd,7.249117851
seg_53bdf5,9.071250916
seg_53caf1,7.6769557
seg_53d818,4.617645741
seg_53e645,5.694317341
seg_53fa13,4.002830505
seg_5407b0,4.415569305
seg_5445bc,3.884104013
seg_54490e,8.137500763
seg_545fda,7.397948265
seg_5467c8,8.201996803
seg_546864,8.378831863
seg_5470ca,5.113537788
seg_5495ca,3.054144144
seg_54af0d,3.16385293
seg_54b0ee,7.333292484
seg_54d0f3,2.958014727
seg_55239a,3.550921679
seg_552b8e,8.843187332
seg_5559d9,2.130385637
seg_555f63,2.968379498
seg_5597ed,4.1690979
seg_55a0c3,5.348546982
seg_55a9a4,6.875928402
seg_55b566,2.360015869
seg_55d50b,3.214133263
seg_561cf4,2.614498138
seg_563059,6.477915764
seg_5639b3,5.480931759
seg_566efe,8.43813324
seg_56e3e7,9.232850075
seg_56e6f1,3.975219965
seg_56ebc7,4.0297575
seg_570a20,4.769228935
seg_570d69,6.591804504
seg_572172,7.863819599
seg_5759c9,7.117348194
seg_5765b6,6.59835577
seg_578e84,7.438264847
seg_57908c,4.255809784
seg_57b6c0,5.389044285
seg_57dd68,8.899160385
seg_57ea44,2.641629219
seg_580b65,7.918170929
seg_581fac,2.674706697
seg_585872,9.137313843
seg_586726,3.011977434
seg_586c0f,5.158591747
seg_5887a8,8.885080338
seg_588f61,2.673801661
seg_58d52d,8.542056084
seg_58e74b,2.262276173
seg_58e9f9,8.674888611
seg_58ea74,8.722418785
seg_59058a,2.107961655
seg_590fa5,5.233215332
seg_591954,10.42464352
seg_5924f5,4.598237514
seg_592807,6.891699314
seg_593c34,4.460837364
seg_5965d8,3.314250708
seg_596ae3,6.882392406
seg_5975f4,5.082143307
seg_597bd6,6.518755913
seg_59818b,7.012419224
seg_59cd7d,2.911952257
seg_59cfdb,8.997991562
seg_59d484,4.768746376
seg_59de0b,2.413684845
seg_59e1db,8.116254807
seg_59eb97,5.165954113
seg_5a0479,6.068352699
seg_5a1adb,5.221461296
seg_5a242e,4.915810585
seg_5a67b5,8.232208252
seg_5a947e,4.465668201
seg_5abfdd,4.716608524
seg_5ad847,3.323171377
seg_5b392b,3.216099024
seg_5b7325,4.934662342
seg_5b8c39,4.632945538
seg_5bc0b0,7.649639606
seg_5bd9ae,5.586251736
seg_5bdb47,2.977667809
seg_5bfbf0,3.270377636
seg_5c0929,4.040489674
seg_5c1a4d,3.066757679
seg_5c530f,3.451182604
seg_5c57a8,3.4104774
seg_5c8ae5,3.211327076
seg_5c9077,7.703704834
seg_5cd98b,4.195109367
seg_5cde88,2.266711712
seg_5cfba9,8.160764694
seg_5cfdc4,5.429310322
seg_5d333e,8.560186386
seg_5d45db,7.84156847
seg_5d92af,7.333432198
seg_5d94b2,3.416148186
seg_5e020f,5.663587093
seg_5e0902,2.834059954
seg_5e1bba,6.095413208
seg_5e541f,2.765587807
seg_5e635a,3.050263166
seg_5e668a,7.89695406
seg_5e70a7,8.895677567
seg_5e7abf,4.396114349
seg_5e8ef4,8.594454765
seg_5eb380,3.371496201
seg_5ec0e3,8.543914795
seg_5ed47e,9.862247467
seg_5ef47e,5.156813622
seg_5f0a92,4.675115585
seg_5f24d3,8.5128479
seg_5f352e,3.184551954
seg_5f355e,7.077365875
seg_5f46a5,6.984912872
seg_5f7fd9,5.330945492
seg_5fe414,3.81760025
seg_60277f,3.963519335
seg_6074f9,4.614138603
seg_607559,7.824671268
seg_60ab20,8.967457771
seg_60b696,6.235526085
seg_60dacd,9.617154121
seg_60df2a,5.630530834
seg_610379,5.017597198
seg_61219c,4.534095764
seg_613702,4.90028286
seg_614b50,2.173876762
seg_6153ca,9.780941963
seg_6167f0,6.10452652
seg_616c8b,8.38117218
seg_61b50d,4.525009155
seg_61f504,4.633835316
seg_620ee4,5.220341682
seg_622e9d,2.41410327
seg_62331a,4.165847778
seg_6262c4,8.202922821
seg_629822,3.853116274
seg_62a403,8.937353134
seg_62c582,3.178124905
seg_63130f,8.587414742
seg_633651,4.490762711
seg_634180,4.79097271
seg_634f05,2.851107597
seg_635770,6.968196869
seg_63582a,6.878730774
seg_63c13d,5.178170681
seg_63c518,3.079151869
seg_63c8e4,9.03690815
seg_63c983,4.309190273
seg_63c9a3,5.024210453
seg_63d651,4.522487164
seg_6422d1,8.374481201
seg_643d1f,5.794062614
seg_643f86,8.565939903
seg_64bcb9,9.951891899
seg_64be5d,9.752963066
seg_64be91,9.606907845
seg_64daae,3.102637291
seg_64dcf0,6.737177849
seg_64f8dc,5.21500349
seg_650de2,3.370346308
seg_651808,2.967633247
seg_652cc2,4.812836647
seg_655780,3.940661669
seg_655ad6,7.987572193
seg_655cae,2.611720562
seg_658bf4,2.382292747
seg_659ff8,4.301298618
seg_65b962,4.953255653
seg_65c4e1,7.828456402
seg_65ef95,4.050095081
seg_65f01e,8.702059746
seg_65fbac,8.376941681
seg_660fe1,3.745857239
seg_660fef,5.509341717
seg_661629,3.912969351
seg_666056,4.800926685
seg_6681ee,2.116023064
seg_66820a,4.257148266
seg_6696d0,4.675385475
seg_66b7c3,8.084523201
seg_66e45a,6.219519138
seg_66ed4d,2.688426256
seg_670bde,4.001708508
seg_67330f,5.639097691
seg_673c60,4.110630512
seg_67599b,6.172157764
seg_679dd2,6.996944904
seg_67aa76,5.038286209
seg_68102c,8.489624023
seg_683ddf,5.733515739
seg_686edc,6.835410595
seg_687a5c,2.539287567
seg_68a484,10.75254154
seg_68da94,4.446487904
seg_691a72,5.551709652
seg_692e7a,7.248494625
seg_6951e0,3.574095011
seg_695380,2.595077038
seg_696621,5.523032188
seg_6968c8,4.74909687
seg_69787a,8.918168068
seg_69a230,4.835312366
seg_69a53e,6.480099678
seg_69dbad,5.728436947
seg_6a05e7,5.178954601
seg_6a116b,5.44528389
seg_6a26de,3.043559313
seg_6a45a0,4.8604002
seg_6a4ad1,9.199981689
seg_6ab188,7.425957203
seg_6ac67a,3.962317228
seg_6ac82a,3.481782913
seg_6ae32d,4.412427902
seg_6b0107,6.367607117
seg_6b2ce0,6.95098877
seg_6b3a9d,3.716187477
seg_6b4e04,9.429778099
seg_6b536d,4.916581154
seg_6b9511,7.307049751
seg_6b9d02,4.325702667
seg_6be48e,4.239100456
seg_6c292b,5.253873825
seg_6c309f,5.627981186
seg_6c34c2,2.860356569
seg_6c8a45,4.999752522
seg_6c909f,3.813548326
seg_6cfb76,5.335681438
seg_6d01a3,8.360042572
seg_6d35cd,2.772065639
seg_6d36a1,9.047854424
seg_6d4109,8.04293251
seg_6d4fa6,4.767011642
seg_6d6fad,4.51290369
seg_6da1ff,7.454299927
seg_6dac5d,11.02062702
seg_6dd0fc,5.135697842
seg_6de4fd,9.003251076
seg_6de935,10.50337124
seg_6df48e,8.972947121
seg_6dfab7,3.261606693
seg_6e12ae,4.858454704
seg_6e12ee,3.146648645
seg_6e1ee7,7.777359009
seg_6e572a,3.485122204
seg_6e5a38,3.067546368
seg_6e7f73,9.502212524
seg_6e98aa,4.966638088
seg_6eb146,8.935702324
seg_6ed49a,6.573636532
seg_6edcb8,5.486804485
seg_6eedcc,7.555017471
seg_6f17de,3.081221104
seg_6f2222,3.810542583
seg_6f3d90,6.299355984
seg_6f60b2,3.265977383
seg_6f650f,6.652851105
seg_6f9a98,7.914680004
seg_6fb17f,4.650316715
seg_6fc3ef,8.406454086
seg_6fc8b3,6.463420391
seg_6fd5bb,7.407063484
seg_7012af,7.452100754
seg_7020c5,8.704109192
seg_702e03,3.653662682
seg_703cea,6.972776413
seg_705463,3.101938248
seg_708349,9.179239273
seg_70991d,5.056488991
seg_709b6a,9.885297775
seg_709d08,5.783672333
seg_70a60e,5.755832672
seg_70b375,5.495262623
seg_70be4d,8.334218025
seg_70e891,4.960311413
seg_70edf5,7.416978836
seg_70fb30,5.922139645
seg_7120ac,5.068148136
seg_71238c,7.046605587
seg_71348a,3.341682196
seg_715e2c,6.554670811
seg_715ff6,9.187602043
seg_7189ca,7.631178856
seg_718b53,3.238158464
seg_71936f,2.976598263
seg_71b4e0,5.078675747
seg_71b975,3.218358755
seg_71c9e9,3.008455515
seg_71f571,4.849143982
seg_7211f1,6.376769066
seg_724df9,1.06494379
seg_725772,8.007516861
seg_725e84,2.770307779
seg_727fc7,3.487174749
seg_72858d,3.608508825
seg_72859b,4.919487953
seg_72aba8,5.563344955
seg_72b68c,10.44392586
seg_72c307,5.478161812
seg_72ebda,4.864578724
seg_72f40a,7.31264925
seg_730ebe,4.800871849
seg_734a88,8.401519775
seg_73565e,3.733057261
seg_735cdd,5.080039978
seg_73858d,9.383027077
seg_738be6,3.422054052
seg_739643,6.882484436
seg_739679,2.349983215
seg_739856,8.089296341
seg_739fb0,2.785540104
seg_73ab4a,4.26266098
seg_73b0f7,8.985311508
seg_740837,5.016163826
seg_741fc1,7.336320877
seg_74235f,4.626534939
seg_7428e7,7.323746204
seg_743775,6.845973969
seg_74537f,6.287857056
seg_746d1d,5.263209343
seg_7480f4,7.825359344
seg_74b264,4.217453003
seg_74b3bd,7.316120148
seg_74ce61,8.771412849
seg_74d58a,9.458918571
seg_74d8cc,5.892513752
seg_74dda9,7.121874332
seg_74f330,4.735563278
seg_74fcfc,8.672675133
seg_74ffde,6.023753643
seg_750244,7.563744068
seg_750c93,3.204349518
seg_750d20,7.245147228
seg_750e7e,8.128041267
seg_75211e,5.270593166
seg_753190,6.605228901
seg_753ba6,3.92133522
seg_7540f3,6.686450958
seg_75438e,5.279326916
seg_755d50,3.833307266
seg_75654d,4.369154453
seg_758374,3.215830088
seg_758ca4,3.421787024
seg_759fb1,7.081357956
seg_75a878,4.483719826
seg_75c34b,2.951207876
seg_75cd6a,4.940534115
seg_75dc3e,5.227576256
seg_75e669,2.401643515
seg_75e93c,3.521876335
seg_75eb90,8.270097733
seg_75ffc9,6.18087101
seg_760d70,5.014270782
seg_76106f,9.711324692
seg_762188,7.777787685
seg_762be4,2.991648674
seg_7630c5,9.769737244
seg_766e42,4.312107086
seg_76b76f,9.503853798
seg_76c2fa,3.155098677
seg_76d16c,7.04020977
seg_76e914,4.801299095
seg_76f1af,3.095934868
seg_76f3f2,8.674450874
seg_76f76d,4.747971535
seg_774ad2,5.184416771
seg_77bf79,4.264838219
seg_77c546,2.722932339
seg_77db7b,8.834797859
seg_77dbe7,4.839800835
seg_77df38,7.648092747
seg_77e7bf,4.111959934
seg_77ea14,5.415587425
seg_77f9e3,3.202260733
seg_77fe77,7.027910709
seg_7848f8,1.020667911
seg_7862ed,3.919896841
seg_786ff6,7.050564289
seg_78852d,7.50210762
seg_78addc,8.957970619
seg_78d817,4.446543217
seg_78db0a,8.013249397
seg_78ded2,2.894289255
seg_78fc4b,7.530734062
seg_790108,7.256394386
seg_7949da,3.949111223
seg_79c47a,3.413290024
seg_79dc90,5.910830975
seg_79e301,5.040687561
seg_7a09ec,5.9371562
seg_7a521c,5.101956367
seg_7a5243,4.752583504
seg_7a9228,3.648267984
seg_7a9f2b,2.043259859
seg_7aeca4,7.876654625
seg_7b0936,8.936607361
seg_7b2994,3.512586355
seg_7b3017,9.448306084
seg_7b5f90,6.673707962
seg_7bb771,3.017020702
seg_7bec10,9.015062332
seg_7bf143,3.458474398
seg_7c0376,2.331125975
seg_7c10c1,2.256574869
seg_7c2beb,8.351122856
seg_7c2c48,3.381765604
seg_7c6c31,8.785805702
seg_7c88d1,3.959037066
seg_7c9433,5.600640774
seg_7cb417,4.852363586
seg_7cbb45,4.717428207
seg_7cd6b1,5.018327236
seg_7cdfe5,3.881712198
seg_7ce9cb,4.984647751
seg_7cef95,8.229079247
seg_7d17eb,9.462918282
seg_7d2535,2.609279871
seg_7d2e57,6.708909988
seg_7d65c7,9.575565338
seg_7d718e,8.320457458
seg_7d88e3,9.836173058
seg_7d994f,4.208753586
seg_7ddc30,9.43483448
seg_7df3dd,6.947569847
seg_7e3b3e,3.970537424
seg_7e9eb7,9.151277542
seg_7eb108,8.994325638
seg_7ebdc3,3.593628645
seg_7ed2dd,4.289351463
seg_7ef97b,4.167445183
seg_7efdd5,7.279526234
seg_7f3ab0,5.103935242
seg_7f5b6f,10.82039833
seg_7f786b,4.977490425
seg_7f93b2,2.866690159
seg_7f9b3a,6.11477375
seg_7fa6ec,1.349322319
seg_7fac26,9.192222595
seg_7fd3a3,5.617670059
seg_7fd6b7,7.78559494
seg_80211c,8.650036812
seg_804fb5,6.605060577
seg_80622d,8.291934967
seg_807901,4.25093317
seg_80b9b4,6.970217228
seg_80fb86,7.039635181
seg_812962,5.454492569
seg_812a50,6.202210903
seg_813aab,3.051660299
seg_814b1f,2.072573185
seg_816b7a,2.944387913
seg_818382,5.364889622
seg_81a8ea,8.501647949
seg_81bebd,7.039431572
seg_81c1a6,8.761762619
seg_81c432,4.287940025
seg_81f798,3.678489685
seg_8200d2,3.371346951
seg_82303e,3.504184008
seg_82316b,4.084759235
seg_8244bf,4.905352592
seg_82456a,2.40879178
seg_826208,6.58018446
seg_827804,4.62464571
seg_827a21,5.279391766
seg_827c07,4.377658844
seg_82c138,7.999184132
seg_82ce27,3.185738087
seg_82d7b6,3.754547596
seg_830cff,3.910205603
seg_8310ea,6.34528923
seg_8324a4,6.796821594
seg_8328f5,4.658440113
seg_832a4d,4.596674919
seg_8344ee,4.476648331
seg_8353f5,9.923803329
seg_836aac,4.885572433
seg_836ef0,2.536742449
seg_83bef8,4.925775051
seg_83cb2c,4.35782814
seg_83dc2e,9.669835091
seg_83ef67,8.560663223
seg_83f476,5.151025295
seg_83f89e,7.34958744
seg_83f928,7.160172462
seg_8456d3,2.86931181
seg_845a2a,8.901104927
seg_8472f3,8.858190536
seg_848695,3.56090188
seg_84a65d,9.548215866
seg_84b9d9,5.04221487
seg_84c7fb,5.096271992
seg_84fc12,10.18001938
seg_8509db,7.551855087
seg_850d95,3.337291479
seg_8515fd,5.324186325
seg_853302,7.768671036
seg_854d91,7.782801151
seg_857304,3.819687605
seg_85762d,5.208135128
seg_8599ec,3.69046855
seg_85c1c0,4.977749825
seg_85e90e,8.34296608
seg_85e9c6,8.395139694
seg_85fb0a,2.304324627
seg_864fcf,3.782304049
seg_8658b3,7.826240063
seg_86720f,6.768363476
seg_8681aa,7.344490051
seg_86892f,2.245533943
seg_868c85,6.661163807
seg_86cfe9,8.339321136
seg_86d847,7.929197788
seg_86e874,2.498255968
seg_87232d,5.853598118
seg_876904,6.081514359
seg_8773cf,3.216347456
seg_8777bd,8.706028938
seg_8785e2,5.410546303
seg_878d2c,10.77515793
seg_87a616,3.159801722
seg_87a67a,5.035418034
seg_87e4e8,3.760059595
seg_87f6c8,8.141183853
seg_8826f4,4.334051132
seg_885f53,6.562979698
seg_8866f0,2.2251091
seg_88a81d,4.374135494
seg_88b289,10.26011467
seg_890181,7.950131893
seg_89791c,4.260404587
seg_89885a,5.520679474
seg_899bf0,3.40666604
seg_89b090,2.36258626
seg_89d8a0,5.353607655
seg_89e207,5.468086243
seg_89eed6,3.951161623
seg_89f975,3.123548508
seg_8a3306,4.852463245
seg_8a41bf,2.921953678
seg_8a6b0e,2.908914328
seg_8a7201,4.521682262
seg_8a8220,5.451964378
seg_8a8375,6.87694788
seg_8ab3a7,2.269982576
seg_8ae847,5.862882614
seg_8aeb99,8.672886848
seg_8b39c4,10.06861973
seg_8b798b,10.34217834
seg_8baeab,3.714872837
seg_8bc20c,3.128658772
seg_8bde47,8.845970154
seg_8be2da,7.982027054
seg_8be76c,2.012715101
seg_8bec6f,5.328099251
seg_8bf229,4.908554554
seg_8c0114,4.535667419
seg_8c1760,9.416153908
seg_8c1cca,4.612962723
seg_8c1e7d,2.751162052
seg_8c341c,8.398003578
seg_8c6d4e,3.015212774
seg_8c6e34,3.076950073
seg_8cd159,3.157614231
seg_8cdf83,5.181032181
seg_8ce632,4.713862419
seg_8cf573,4.795844555
seg_8d030a,6.834821224
seg_8d135f,6.864980698
seg_8d3a9d,7.080368996
seg_8d4435,4.614352703
seg_8d4965,5.361763954
seg_8d5113,6.117893219
seg_8d6578,2.842015505
seg_8d6a7d,3.658482075
seg_8da61a,7.883956909
seg_8db6f0,6.73768425
seg_8dcf3c,9.646784782
seg_8dd2ab,3.030683279
seg_8dd3ba,4.561959743
seg_8dfc7e,3.307413816
seg_8dfd7a,1.879467368
seg_8e5704,10.06851006
seg_8e6a3f,6.377889633
seg_8e7194,5.306379795
seg_8e7fca,4.970822334
seg_8ebdea,8.143285751
seg_8f1127,2.011269093
seg_8f25b0,7.721777439
seg_8f3247,7.367400646
seg_8f3dfe,4.864673615
seg_8f4654,5.511753082
seg_8f4781,3.400792122
seg_8f5589,6.89095068
seg_8f592b,9.969971657
seg_8f6284,4.099921227
seg_8fb0d0,4.56923914
seg_8fb29e,7.579266548
seg_8fb828,10.08535194
seg_8fc754,7.231862068
seg_8fd465,4.083489418
seg_902074,7.75690937
seg_902bc1,8.927969933
seg_903aba,9.32993412
seg_907c52,5.164028168
seg_90a0be,2.779197931
seg_90b174,2.903898239
seg_90bf60,7.816087246
seg_90c258,9.756296158
seg_90e904,2.855255127
seg_90ec68,8.823223114
seg_90ef18,6.929915428
seg_911066,3.872328758
seg_9122aa,3.134473324
seg_913ffc,5.26390934
seg_914a62,3.981673717
seg_91596c,7.764906406
seg_915b3e,5.383611679
seg_91607c,4.41251564
seg_919a6a,3.0314219
seg_919c5c,4.497190952
seg_91bf8c,3.601709366
seg_91cff2,4.159508705
seg_91eaeb,6.428683281
seg_91f512,4.508187294
seg_91f664,3.436095953
seg_91fc29,4.373806
seg_920132,8.702330589
seg_92092a,5.639264107
seg_922914,5.748591423
seg_922990,4.893883705
seg_92310f,6.413362026
seg_929ded,4.751908779
seg_92a5f1,4.60128355
seg_92af10,8.967783928
seg_92b095,3.246900558
seg_92bd37,5.407160759
seg_92be9f,4.551868916
seg_931244,9.250658035
seg_93211c,7.944404125
seg_932828,9.000173569
seg_934087,4.245669365
seg_939f5c,6.664620876
seg_93d864,4.864923
seg_93f935,4.124918938
seg_941759,7.318480015
seg_943de0,9.986879349
seg_944c98,3.654584408
seg_945bc8,4.916466236
seg_946d71,10.34566021
seg_946d9a,5.185685158
seg_947700,5.704681396
seg_9485c0,5.776590824
seg_94a133,6.389920712
seg_94aa0a,7.068202496
seg_94c48c,6.783115864
seg_94d150,4.414922714
seg_94d573,8.111543655
seg_94ecad,8.630039215
seg_950048,4.962716579
seg_952faa,3.165195465
seg_95357d,5.405956745
seg_95644e,4.177829742
seg_957ece,3.45471406
seg_95b321,3.061295033
seg_95f45e,8.099105835
seg_961d02,3.779316425
seg_961ddf,3.708753347
seg_9626a4,2.935219049
seg_96642e,5.222928524
seg_966f3d,2.924800158
seg_967ae4,8.252892494
seg_96cd5d,4.368749619
seg_96dab2,8.884002686
seg_96db5e,5.969341278
seg_96fa35,5.063620567
seg_970b35,4.619758129
seg_970e86,9.399439812
seg_974049,5.521181107
seg_9757ac,9.547878265
seg_979a8f,3.781872988
seg_97a161,6.983932018
seg_97ad82,7.726308823
seg_97d9ed,8.117053986
seg_97e4a9,9.472949982
seg_9802c3,5.503689766
seg_9825e0,7.135221958
seg_983778,7.569175243
seg_986976,5.077727318
seg_986b6e,9.414646149
seg_9872f9,5.009576797
seg_988e69,2.446503162
seg_98a819,6.725047588
seg_98be13,5.854028702
seg_98c0b6,4.362101078
seg_98c44d,4.679354191
seg_98c544,5.31459856
seg_98ebaa,8.557001114
seg_98f624,8.739868164
seg_9940e8,9.268924713
seg_996c37,9.253472328
seg_99ccbd,4.382386684
seg_99f677,5.760695457
seg_99f76c,4.504579544
seg_9a1a4f,6.055881977
seg_9a1c76,4.992455006
seg_9a43ef,8.862351418
seg_9a6025,5.879312515
seg_9a74d8,6.072878838
seg_9a7c46,5.472481728
seg_9a7d1d,3.062460899
seg_9a812d,4.860081673
seg_9a81a3,6.163894176
seg_9a8a1f,2.430958271
seg_9a9041,8.548858643
seg_9a92db,6.766548634
seg_9aa6e2,3.077374935
seg_9ab405,2.530771732
seg_9ad261,5.016575813
seg_9ad925,8.786416054
seg_9ae1a1,8.27870369
seg_9b0439,5.997058392
seg_9b44d2,7.599739552
seg_9b7ef8,8.639830589
seg_9b7f93,5.760545731
seg_9bab11,9.235751152
seg_9bd388,6.363052845
seg_9bee43,4.013017654
seg_9c00d7,9.664735794
seg_9c090f,3.062226057
seg_9c2843,2.607964039
seg_9c3d6a,8.879261017
seg_9c3ef8,7.400124073
seg_9c635d,10.5042429
seg_9c6715,3.417858124
seg_9c8162,5.445026398
seg_9c8bc8,4.863460064
seg_9ca72e,4.320588112
seg_9caf50,8.003661156
seg_9cb464,4.952234268
seg_9d1b26,5.096473217
seg_9d1dbe,8.940571785
seg_9d2528,5.749908924
seg_9d3013,8.976735115
seg_9d452d,3.026751995
seg_9d57a1,6.341237068
seg_9d68cf,4.538613796
seg_9d6ff0,3.701499224
seg_9d7490,5.33932209
seg_9d79d4,5.748072624
seg_9dcae1,7.295001984
seg_9ddc99,6.560070038
seg_9dea8d,8.535805702
seg_9df32d,5.374155521
seg_9e25e9,3.544339895
seg_9e3837,4.310674667
seg_9e61da,2.998752832
seg_9e7dff,4.227665424
seg_9e8323,3.260485172
seg_9e8ca4,7.983883381
seg_9e962b,4.523562908
seg_9ee0aa,7.638684273
seg_9f042e,7.703455448
seg_9f12c6,3.167348862
seg_9f22a0,8.448133469
seg_9f4fd4,8.744379997
seg_9f57c4,7.420982361
seg_9f6315,5.201086998
seg_9f7542,9.058131218
seg_9fc7c2,3.198598862
seg_9fd9b8,4.146325111
seg_9fe8b9,7.304417133
seg_a00985,4.560670853
seg_a009e6,7.416425705
seg_a03e6a,3.828783512
seg_a05c22,3.730929136
seg_a06228,7.225049973
seg_a0646a,3.758413792
seg_a0979e,6.367288113
seg_a0a423,3.289417267
seg_a11dd5,3.788992882
seg_a12acb,3.593019247
seg_a133bc,5.371884346
seg_a14212,4.951047421
seg_a16a1b,2.629281759
seg_a173d8,5.320086956
seg_a18246,7.237870216
seg_a1a511,2.919078112
seg_a1acb2,5.255207539
seg_a1b3cc,5.240877628
seg_a1d8da,5.252068043
seg_a1e5b0,8.142261505
seg_a1edc1,4.500021935
seg_a247ac,8.633288383
seg_a25c46,4.103947639
seg_a2986f,8.954252243
seg_a2c108,9.571900368
seg_a2d47d,5.276692867
seg_a2e2c8,4.573764801
seg_a2fd8b,3.171108961
seg_a31d6e,6.999163628
seg_a31fe3,8.025304794
seg_a35c82,8.307218552
seg_a35e7c,8.737885475
seg_a39ebc,5.997989655
seg_a39f3b,7.904220581
seg_a39fa8,9.64708519
seg_a3ab46,4.436787605
seg_a3d4d6,3.335588217
seg_a41c2c,7.237448692
seg_a4208a,4.609678745
seg_a420d4,3.44388175
seg_a436bc,10.39804649
seg_a437cb,4.909928799
seg_a45455,5.398010254
seg_a47cce,6.309050083
seg_a489e1,6.075687408
seg_a49ccc,4.327015877
seg_a4ad7c,10.24181175
seg_a4e745,9.516592979
seg_a50d28,8.91342926
seg_a5271e,3.15078187
seg_a53e4c,4.984262466
seg_a543e5,7.638199329
seg_a55540,8.890752792
seg_a55a17,3.882451773
seg_a56c04,4.799949169
seg_a58a6e,2.829417944
seg_a5934a,9.392400742
seg_a5d37f,3.02251935
seg_a5dea6,8.409597397
seg_a5f4dd,4.892599106
seg_a5fbcc,4.754788876
seg_a61e1c,6.389427185
seg_a63573,6.596721649
seg_a674d2,7.105108261
seg_a68007,3.697445631
seg_a68ffb,6.194551468
seg_a69246,8.094786644
seg_a6959c,7.878143311
seg_a6bf91,7.363230228
seg_a6c5cc,2.538542509
seg_a6cd86,5.446177959
seg_a6e801,3.261215448
seg_a6e99c,3.041852713
seg_a6eed3,4.427961826
seg_a704ee,5.84342432
seg_a7561c,3.647282839
seg_a7b454,3.692706823
seg_a7d0eb,4.80249691
seg_a7e49b,5.445466995
seg_a80123,5.173271656
seg_a802fa,9.378515244
seg_a80f6f,6.786864281
seg_a82229,6.866839886
seg_a84c13,2.764425516
seg_a86231,6.48101902
seg_a8685e,7.302454948
seg_a86a05,7.502456665
seg_a87e79,2.440088272
seg_a88097,9.898908615
seg_a88dde,8.608963013
seg_a8bb2f,5.183748722
seg_a8ddf7,3.724039793
seg_a8e6df,6.124475479
seg_a8e71a,4.565462112
seg_a9089b,1.885096431
seg_a91c03,6.811375141
seg_a93a88,8.692828178
seg_a96b47,4.718289375
seg_a975df,4.02562952
seg_a99161,4.876828671
seg_a99799,3.234452963
seg_a99be9,8.063570023
seg_a9a820,3.205356121
seg_a9b957,4.061124802
seg_a9f80e,6.823778152
seg_aa0180,3.90098834
seg_aa1adf,3.192405939
seg_aa508a,2.208219767
seg_aa78e0,6.824254036
seg_aa7a4b,4.989123821
seg_aa98cc,1.059296608
seg_aa9b8e,7.662151814
seg_aaa2ae,2.934326887
seg_aabc52,9.004032135
seg_aae025,9.705436707
seg_ab001b,4.240925789
seg_ab15ad,6.392904282
seg_ab2a78,4.226694584
seg_ab3f14,7.445687294
seg_ab4bca,2.716194153
seg_ab644e,5.935491562
seg_ab70bd,6.684542656
seg_ab9654,9.460844994
seg_aba501,4.78649807
seg_abaad2,8.527688026
seg_abb03a,4.962284088
seg_abb06a,5.170133591
seg_abc5fd,7.309919834
seg_abda04,8.094620705
seg_abeca6,10.19328308
seg_ac45ae,8.481751442
seg_ac5c61,10.06760025
seg_ac68bb,3.042701006
seg_ac9de5,2.971681356
seg_acd715,9.412619591
seg_acf2f4,8.705589294
seg_ad3a44,4.017255783
seg_ad3cf0,3.025140285
seg_ad591c,7.272812843
seg_ad759c,3.685451031
seg_ad82ca,5.892315865
seg_ad949a,3.231974125
seg_ada42c,5.046113968
seg_ada81a,9.941333771
seg_ade769,7.334535599
seg_adf94a,2.102473259
seg_adf986,7.449490547
seg_ae32a6,7.162359238
seg_ae3388,7.684784889
seg_ae3d92,5.696647167
seg_ae42b3,9.826723099
seg_ae9626,2.827757835
seg_ae9761,7.513916016
seg_aec276,8.694173813
seg_aed434,7.118956089
seg_aee7c0,8.562181473
seg_aee9bf,3.752890587
seg_aeeb31,2.165890932
seg_af1650,3.371901274
seg_af2472,3.36114049
seg_af6204,5.281897068
seg_af703b,6.743181229
seg_af959f,8.484323502
seg_afa4a1,7.579435349
seg_afadfb,6.930303574
seg_afca81,3.197024822
seg_afd665,5.49154377
seg_b00f05,8.003803253
seg_b02e31,7.384747028
seg_b03de5,9.746212959
seg_b08e9d,10.62298107
seg_b0a794,2.436264753
seg_b0bf65,4.427733421
seg_b0cf32,9.555384636
seg_b0d251,6.058088779
seg_b0f9cd,7.472549915
seg_b108c9,5.499262333
seg_b13220,4.118046284
seg_b13fb9,6.895405769
seg_b197e2,4.556750774
seg_b1a35c,7.142653465
seg_b1b95e,4.008903503
seg_b1fea8,4.888011932
seg_b20487,11.60514355
seg_b21273,5.470473289
seg_b23489,2.844014883
seg_b253ee,3.479168653
seg_b25dde,2.328088045
seg_b26368,4.328518391
seg_b284b2,4.812456608
seg_b291c0,4.604139805
seg_b2b29d,9.773384094
seg_b2b331,4.400177002
seg_b2e045,4.003402233
seg_b31961,5.62239027
seg_b32d1d,4.288394928
seg_b35174,2.106078148
seg_b36650,2.586508274
seg_b36c8a,3.201672554
seg_b378bc,2.764535189
seg_b3883e,6.507576466
seg_b3cf21,4.800557613
seg_b3d886,3.484447956
seg_b402ac,5.222064495
seg_b41d3c,4.795263767
seg_b42170,3.696319103
seg_b4402d,8.616776466
seg_b44c2e,7.023123741
seg_b47c19,8.10370636
seg_b4c040,5.206627846
seg_b4cb44,9.267830849
seg_b4f7a8,5.004758835
seg_b50239,2.628451824
seg_b51380,10.00839043
seg_b51b7c,5.578326225
seg_b52710,3.34089303
seg_b52add,9.215366364
seg_b52dac,4.767435074
seg_b54024,3.591953754
seg_b568c6,7.491631031
seg_b57e76,6.628791809
seg_b5804a,4.24346447
seg_b58542,5.57084322
seg_b5a447,7.005595207
seg_b5aee9,6.029613972
seg_b6254c,3.672139406
seg_b63de1,3.138715029
seg_b64c9c,9.209202766
seg_b66b87,2.951948166
seg_b686e5,2.503078699
seg_b687fc,4.406357765
seg_b691c5,2.472300529
seg_b69455,7.893725395
seg_b695b3,4.309433937
seg_b6bdaa,7.512198448
seg_b6c10d,7.452777863
seg_b6cb2b,3.408468246
seg_b72413,9.275277138
seg_b735a5,6.871479511
seg_b77bf5,9.171096802
seg_b782c7,7.532220364
seg_b78883,9.154608727
seg_b7a8a1,5.387112141
seg_b7b098,4.957692623
seg_b7da0a,3.298234701
seg_b7eeb6,7.299845695
seg_b80358,7.609380722
seg_b80366,9.167376518
seg_b80b89,5.59940052
seg_b8141c,2.557587385
seg_b853c1,8.494167328
seg_b853f8,6.497806072
seg_b86ce1,4.56448555
seg_b8725b,3.747560263
seg_b8745c,9.753493309
seg_b87cf5,8.594325066
seg_b88baa,7.355237484
seg_b89218,9.157993317
seg_b89e47,3.802812815
seg_b8b72f,4.466876984
seg_b8bb87,6.514738083
seg_b8fd73,8.60001564
seg_b91011,5.72386837
seg_b917b5,7.419651031
seg_b91ae2,4.450962543
seg_b9361a,4.974619865
seg_b9365c,3.745681524
seg_b947ae,3.583257914
seg_b95010,4.025701046
seg_b95a77,9.083884239
seg_b9619c,5.454906464
seg_b9ad7f,5.239653587
seg_b9bdd7,5.21721983
seg_b9d8a0,6.644318104
seg_b9de03,5.233575821
seg_b9ec4b,3.319048405
seg_ba0485,8.904812813
seg_ba1d68,3.080054522
seg_ba2c48,5.393917561
seg_ba3c47,3.143340588
seg_ba3e74,3.994590521
seg_ba4ea3,7.061349392
seg_ba5e7e,4.801427364
seg_ba83da,5.373055458
seg_ba941e,7.123214245
seg_ba98dc,4.250855923
seg_ba9dbf,2.993079901
seg_baa745,5.550134659
seg_bb171f,7.925004005
seg_bb180c,5.137655258
seg_bb2d77,4.523719311
seg_bb5e15,4.506129265
seg_bb6904,3.103120089
seg_bb6fcb,5.812138557
seg_bb92b1,5.12668848
seg_bbb01e,7.596226215
seg_bbbc30,5.378389359
seg_bbf805,4.648162842
seg_bbfd4e,7.668461323
seg_bc07c8,2.266573906
seg_bc1d67,7.711761951
seg_bc2186,8.06722641
seg_bc437b,9.288181305
seg_bca500,6.28869915
seg_bcc8f1,5.524575233
seg_bce23c,7.671409607
seg_bce305,5.16246748
seg_bcf2d9,5.583152294
seg_bcf6af,6.761703491
seg_bcfad6,5.629751682
seg_bd00c4,3.166020393
seg_bd2b0c,6.523280621
seg_bd31bf,4.743907452
seg_bd40f2,9.304112434
seg_bd4d30,4.999086857
seg_bd5022,2.089951038
seg_bd629b,5.633837223
seg_bd6f5f,9.967698097
seg_bd7109,5.365714073
seg_bdae02,9.519523621
seg_bdf84b,7.50219059
seg_be0cdc,2.560528755
seg_be0dfa,6.364546776
seg_be19e2,6.837020874
seg_be30ce,4.755990505
seg_be4612,7.924605846
seg_be62ef,7.855978489
seg_be65f2,2.55189538
seg_be811d,3.347310305
seg_beb650,7.379600525
seg_beda44,5.418763638
seg_bee792,5.132246494
seg_bf1294,2.626039267
seg_bf1430,5.086749077
seg_bf1a72,5.301064968
seg_bf2d1f,8.085399628
seg_bf4bf2,1.99652946
seg_bf4ec0,7.286376476
seg_bf58ce,8.193719864
seg_bf7224,3.096051455
seg_bfdd14,2.776148081
seg_bfe0b6,7.496581554
seg_bff05e,7.85852766
seg_bff392,3.000418186
seg_c01a57,2.82531786
seg_c01d9a,8.413524628
seg_c01f63,8.032972336
seg_c0260d,7.650544167
seg_c047b7,5.009839058
seg_c05a7d,6.074297428
seg_c07b7c,2.914510965
seg_c08d36,5.36472702
seg_c09a41,3.182843208
seg_c0c0ed,5.549589634
seg_c0d7da,4.424490452
seg_c0e1b9,4.258384705
seg_c0ea9f,5.658048153
seg_c106ca,4.682085514
seg_c10a58,7.166168213
seg_c11828,2.970223665
seg_c11a4f,3.938463688
seg_c12d7d,8.964087486
seg_c146a8,7.069905758
seg_c15d21,8.63739109
seg_c17817,3.643809795
seg_c179f8,6.182958603
seg_c183e4,3.1611588
seg_c186dc,4.948699474
seg_c18d5a,3.293921709
seg_c1fe9a,3.89195013
seg_c20a27,6.556057453
seg_c20c06,3.920384645
seg_c21723,5.517289162
seg_c21d60,4.992801189
seg_c22bd4,9.780203819
seg_c23429,5.51670742
seg_c23641,2.557815313
seg_c243a6,1.810196638
seg_c24946,4.044386864
seg_c25855,9.058508873
seg_c267a5,3.457324266
seg_c26fb4,2.715277195
seg_c27591,5.155639648
seg_c2a0c8,4.274541855
seg_c2b8f7,4.508243084
seg_c3507f,5.088629723
seg_c35940,2.673745155
seg_c365de,1.949455142
seg_c3836b,4.601939201
seg_c3f672,9.096307755
seg_c3f8d7,4.576191902
seg_c41d1d,4.854269981
seg_c42490,3.260719299
seg_c42952,5.702506542
seg_c44bbc,3.329687357
seg_c46ce6,3.500617027
seg_c472cf,8.681620598
seg_c47bdc,7.459028244
seg_c4af54,5.142096996
seg_c5064e,8.31825161
seg_c509ff,5.074342728
seg_c522f8,8.476835251
seg_c5256d,6.256775379
seg_c52ae6,2.896730185
seg_c5325c,8.449584961
seg_c550b1,8.971085548
seg_c565bd,5.070472717
seg_c571ef,8.220469475
seg_c588c1,9.274396896
seg_c58ca5,6.851168633
seg_c5abaa,7.662561893
seg_c5c455,3.081729174
seg_c5c6ea,6.150669575
seg_c5dada,5.374473572
seg_c5dee4,2.194321156
seg_c5f986,5.302401066
seg_c5fc3b,8.76498127
seg_c5fc87,5.490094185
seg_c607eb,3.683593988
seg_c60dca,4.335650444
seg_c60f1d,2.75759387
seg_c627fc,8.932106972
seg_c62a06,3.154595613
seg_c65135,3.216707468
seg_c654e7,4.898130417
seg_c666dd,4.992566109
seg_c671f7,7.596989155
seg_c6b514,4.346286774
seg_c6c29f,3.4109447
seg_c6f0a2,4.341928959
seg_c6f533,4.834068298
seg_c6f9c2,3.11226511
seg_c703be,7.059006214
seg_c70fde,6.75773716
seg_c714d0,9.478953362
seg_c73df6,3.77193284
seg_c747ad,9.018809319
seg_c747b4,3.47533989
seg_c7a3bc,3.109313965
seg_c7a401,5.565522671
seg_c7a579,6.902218819
seg_c7b424,9.274616241
seg_c80857,1.051180243
seg_c81e10,7.658812523
seg_c81fec,5.312352657
seg_c8459f,9.312666893
seg_c87c24,5.757223606
seg_c901c0,4.446422577
seg_c90be5,9.946496964
seg_c9201c,3.381578207
seg_c9481f,5.848962307
seg_c94941,2.279789448
seg_c9831a,2.118293285
seg_c9e533,6.722777367
seg_c9f80a,3.157233238
seg_ca2d1b,3.3968153
seg_ca407b,6.241639137
seg_ca44a8,5.088238239
seg_ca67ee,5.756846428
seg_ca6d70,2.422760487
seg_ca8389,3.826711655
seg_ca88e3,9.384382248
seg_ca9e39,4.842195988
seg_caa919,6.176281929
seg_cacd0a,4.735771179
seg_cacd58,5.047960758
seg_cb0e21,10.23172092
seg_cb806c,3.974662542
seg_cbcce9,6.157251358
seg_cbfb19,6.919271946
seg_cc096e,8.909193039
seg_cc2c46,4.926999569
seg_cc2e9b,5.352584362
seg_cc4199,8.141527176
seg_cc4932,10.64598656
seg_cc4950,2.900070667
seg_cc667b,3.383844137
seg_cc7a19,5.326929092
seg_cc7e39,8.307344437
seg_ccdc28,3.123994112
seg_cd0691,2.171824932
seg_cd2b34,4.89823103
seg_cd2b53,2.093983173
seg_cd352f,8.850776672
seg_cd43b4,8.23169136
seg_cd699e,3.163609982
seg_cd9f9b,10.48166466
seg_cdadb5,8.519014359
seg_cdf88e,2.730719328
seg_ce00bb,5.56665659
seg_ce46ba,2.161723614
seg_ce472b,8.669147491
seg_ce5520,2.354401112
seg_ce5832,4.335004807
seg_ce72e2,5.138913631
seg_ce7537,3.455943823
seg_ce9f59,3.256985903
seg_cea185,5.594647408
seg_ceab44,8.299399376
seg_ceb942,2.607364893
seg_cec2f2,6.340477943
seg_cecd29,7.475495815
seg_ced992,2.587896824
seg_cedf3e,8.680179596
seg_cee7d0,9.177569389
seg_cf0e43,4.981383324
seg_cf1371,4.228168011
seg_cf25d2,4.426095009
seg_cf3825,4.808080196
seg_cf5764,8.463013649
seg_cf646e,5.960936546
seg_cf74e8,2.234727859
seg_cf9a49,6.461954594
seg_cfed24,3.466952801
seg_cff594,2.756603479
seg_d014a3,11.57632732
seg_d0598e,3.068748713
seg_d062a6,9.405724525
seg_d07c62,2.852977753
seg_d07ce8,10.62911892
seg_d098df,7.670436382
seg_d0c280,2.398675203
seg_d0c8e2,3.493170261
seg_d0f262,5.521000385
seg_d0f803,4.649314404
seg_d1045e,8.918592453
seg_d11ca8,9.264122009
seg_d14524,4.691601276
seg_d146a6,4.236754417
seg_d16534,8.0885849
seg_d19980,8.821695328
seg_d1a281,5.76297617
seg_d1a2b9,4.421964645
seg_d1a8b3,3.219670773
seg_d1abaa,9.943994522
seg_d1b91e,7.74717474
seg_d1ca05,7.301361561
seg_d1cb37,8.652635574
seg_d1eee8,11.04599762
seg_d1fbb8,8.96408844
seg_d21066,4.839033604
seg_d21eb6,7.805718422
seg_d24095,8.082747459
seg_d247da,4.801130295
seg_d2551a,9.138531685
seg_d26f7d,8.341769218
seg_d27193,2.919538975
seg_d27812,5.304283142
seg_d29a4b,5.092131615
seg_d2a533,6.434080601
seg_d2ad9a,2.769925356
seg_d2cb02,4.812369347
seg_d2db6b,4.346087456
seg_d2f588,8.999157906
seg_d30a9d,2.311416626
seg_d31583,9.839303017
seg_d320f5,5.060259342
seg_d328bb,3.391442537
seg_d32f71,4.856064796
seg_d32f8a,4.888697147
seg_d35274,3.702131033
seg_d356ab,5.007061958
seg_d35e50,6.44592762
seg_d36055,9.813819885
seg_d36342,8.931382179
seg_d36681,8.335821152
seg_d36737,4.16955471
seg_d37b05,6.98764658
seg_d39131,9.364852905
seg_d398df,5.664686203
seg_d3992e,8.176111221
seg_d3bb14,4.931097507
seg_d3d8fc,3.921442747
seg_d3f6b0,4.935854912
seg_d3f967,5.43125248
seg_d40bb2,9.783831596
seg_d41daa,8.441530228
seg_d42c77,8.492567062
seg_d44589,4.218523979
seg_d47aba,4.035229683
seg_d4c763,6.923019886
seg_d4dec8,6.809254169
seg_d4ea17,7.051630497
seg_d508db,5.875833988
seg_d516e3,8.351801872
seg_d56ae2,8.690889359
seg_d56d32,7.973691463
seg_d59e4e,3.111316919
seg_d5b100,4.577978611
seg_d5d3a1,4.291897774
seg_d5dbc1,5.069479942
seg_d5df41,8.328359604
seg_d5f344,4.549511433
seg_d60d18,5.006195068
seg_d62e9c,2.857705832
seg_d63175,7.46484375
seg_d661ce,4.571630478
seg_d668c0,7.477077007
seg_d68930,7.058877945
seg_d693b0,7.760357857
seg_d6b198,4.594341278
seg_d6b386,7.746804714
seg_d6b546,7.529637337
seg_d6dad6,7.152295589
seg_d6ea73,4.301377296
seg_d702b2,7.906350613
seg_d71352,8.946186066
seg_d740b2,10.93524742
seg_d753f8,2.749912977
seg_d78093,4.875254154
seg_d78e7d,2.592335701
seg_d795ab,7.559843063
seg_d7967e,9.005578041
seg_d7a805,7.430553436
seg_d7ab50,3.821941614
seg_d7f015,6.243859291
seg_d7f53a,4.577935696
seg_d8014d,4.907561779
seg_d83890,3.839385986
seg_d85e2e,5.392385006
seg_d86eb6,3.134045124
seg_d88da7,8.257613182
seg_d89369,2.313648701
seg_d90c5f,2.227867842
seg_d91492,7.438530922
seg_d9190c,4.158112526
seg_d9352b,6.415897369
seg_d962cc,8.212234497
seg_d9750c,5.361621857
seg_d9a2bb,5.322135925
seg_d9b162,5.321870327
seg_d9bb68,6.384428501
seg_d9ce67,3.0181427
seg_d9d0e4,5.095890522
seg_d9dab4,7.524906158
seg_da21ee,9.847015381
seg_da7c3b,8.473524094
seg_da80c4,9.603582382
seg_da8b88,5.514150143
seg_dab0f9,4.656452656
seg_dad4f2,5.503210068
seg_db3446,8.208118439
seg_db3a95,5.443631172
seg_db3fbe,10.46992302
seg_db4185,4.952899456
seg_db606c,7.710823536
seg_db694a,5.141885281
seg_db6d5f,7.157194138
seg_db90c0,4.457594872
seg_dbbb44,5.361750126
seg_dbc615,2.950627089
seg_dbf3f2,2.205612659
seg_dc188b,5.170557976
seg_dc1cf0,8.738162041
seg_dc23c0,7.876755714
seg_dc4698,2.905131578
seg_dc5e63,3.919615746
seg_dc6e94,5.636675358
seg_dc73b8,3.629429817
seg_dc7e0d,2.370557308
seg_dca2c2,9.788822174
seg_dcb51d,4.182070732
seg_dcbe02,5.117020607
seg_dcd9df,2.516356707
seg_dcee28,5.393587112
seg_dceeca,3.97086978
seg_dcf242,6.313694
seg_dcfb4b,7.883981705
seg_dd0b11,3.034328938
seg_dd4594,4.975824356
seg_dd699c,3.450019836
seg_dd780d,4.965237141
seg_dd8805,6.488829136
seg_ddbadc,8.34462738
seg_ddc800,8.026403427
seg_ddd206,5.710017681
seg_ddddf0,4.526673317
seg_de225c,9.928334236
seg_de3237,9.025874138
seg_de3d5e,3.843386412
seg_de4e1d,4.992561817
seg_de8180,3.274507284
seg_de98fa,3.186681032
seg_de9e32,10.64707947
seg_df0df7,7.828165054
seg_df352f,3.257753134
seg_df45b0,7.044058323
seg_df8385,3.003665209
seg_df8e0a,7.868337154
seg_df99d4,5.151502132
seg_dff078,6.353830338
seg_e00465,8.923914909
seg_e051bc,5.075433731
seg_e05de2,3.240900755
seg_e067ab,7.563257694
seg_e09301,2.443750381
seg_e0c329,4.884440422
seg_e0ce38,7.120751381
seg_e0cfd4,6.539465904
seg_e0f296,8.568611145
seg_e10d3b,10.60588169
seg_e13bd8,5.196411133
seg_e14149,4.778069496
seg_e1468f,8.40358448
seg_e15cb9,6.277526379
seg_e197b8,5.58854723
seg_e1a9e0,10.42940426
seg_e1daa0,6.988113403
seg_e1f045,6.158678532
seg_e1f081,9.172520638
seg_e20d76,7.125492573
seg_e217fc,5.044143677
seg_e2209b,5.499132633
seg_e24496,8.38061142
seg_e24f69,4.170410156
seg_e256bd,3.048408031
seg_e25aca,4.575050831
seg_e266f4,7.429980278
seg_e27c0a,5.165337086
seg_e29670,5.125589371
seg_e2b8b1,9.649205208
seg_e2c82c,4.389816284
seg_e3005e,4.254772186
seg_e30e44,2.600755692
seg_e30ef5,3.188885927
seg_e34052,4.63419199
seg_e37b8e,4.099383831
seg_e3b1f1,7.652925014
seg_e3ca24,7.677841663
seg_e3cf1a,5.058926105
seg_e3d751,1.196291685
seg_e3dafa,10.92521286
seg_e3e762,8.5098629
seg_e40348,6.151895046
seg_e405fe,4.796000481
seg_e40d64,7.877103329
seg_e41fc9,5.216112137
seg_e47d2b,4.445616722
seg_e481c7,6.80238533
seg_e48c23,6.510792732
seg_e49750,4.762797356
seg_e4c15a,5.183693409
seg_e4f203,5.267971039
seg_e4f403,5.475271702
seg_e50f16,10.17098331
seg_e52f8c,5.943166256
seg_e53a52,5.206806183
seg_e54932,9.645194054
seg_e5750a,9.160446167
seg_e59dca,8.643094063
seg_e5b510,4.101102352
seg_e5c033,6.867868423
seg_e5deec,4.320250988
seg_e5e238,4.484137535
seg_e5f9ec,7.582535744
seg_e5fbc1,1.864746094
seg_e60719,9.384004593
seg_e6307f,9.093128204
seg_e64dfa,7.026494503
seg_e65e69,3.834404469
seg_e66697,3.767541647
seg_e6b236,7.393045902
seg_e6bd3f,5.364891052
seg_e6c973,7.41814518
seg_e6e1df,4.870324612
seg_e6e24e,6.699443817
seg_e71dda,5.735322952
seg_e72f10,6.706136703
seg_e742dc,9.507338524
seg_e76e6e,3.2639606
seg_e7ac12,4.870969296
seg_e7ced6,9.764454842
seg_e7d1f8,3.713370323
seg_e7d3e7,7.692145348
seg_e80726,4.972344875
seg_e81b50,4.821713448
seg_e8385f,7.504446983
seg_e85f55,2.53368187
seg_e86e44,5.155468464
seg_e86ed1,9.129959106
seg_e86f77,4.567587852
seg_e877a5,6.023071289
seg_e8a2c4,6.119562626
seg_e8a4f4,5.854221821
seg_e8ac98,3.420604229
seg_e8ad6b,4.589261532
seg_e8b2b3,8.032255173
seg_e8bcde,3.922897577
seg_e8ce6a,2.923718929
seg_e8d02f,3.528281212
seg_e90c0d,5.121860027
seg_e92526,3.615402222
seg_e9272e,5.049470425
seg_e96140,4.179148674
seg_e98217,4.897818089
seg_e9a09f,3.817541122
seg_e9aa44,9.447581291
seg_e9df42,8.181723595
seg_e9e65b,7.860566139
seg_ea0091,5.34854269
seg_ea05c1,7.272292137
seg_ea096b,7.735372066
seg_ea098b,8.395039558
seg_ea4d3a,8.071555138
seg_ea78c0,5.271495819
seg_ea8270,8.835131645
seg_ea9d37,4.905682087
seg_ea9fa4,9.803076744
seg_eaa0ec,8.01099205
seg_eabb2c,9.22922039
seg_eacccf,4.821721554
seg_ead30e,4.83650589
seg_eb0b19,8.087051392
seg_eb1d6e,3.473161221
seg_eb2e11,5.139173508
seg_eb32bc,2.420738697
seg_eb47a9,2.935451746
seg_eb692c,9.784584045
seg_eb7595,5.476007462
seg_eb7f91,5.167570591
seg_eba22d,8.291004181
seg_ebb79f,7.231166363
seg_ebd77b,7.177300453
seg_ebe36c,5.29104805
seg_ebec3e,2.861921072
seg_ec0e7b,6.950856686
seg_ec4645,6.935617924
seg_ec73d5,3.612284422
seg_ec973c,10.06497765
seg_eca2eb,5.534431458
seg_ecaef0,7.061126232
seg_eccb17,2.181436539
seg_ecdca4,5.199926853
seg_ecf28d,7.524462223
seg_ecf81b,7.859623432
seg_ed07b0,4.045455933
seg_ed3e4c,7.17129612
seg_ed52ac,8.551403046
seg_ed7741,10.06899452
seg_ed7dee,5.246610641
seg_ed7f69,3.454795599
seg_edda79,6.373975277
seg_edecaa,5.240965843
seg_ee1cfc,5.2996521
seg_ee2781,8.043042183
seg_ee4479,4.753612041
seg_ee4ae5,3.106085062
seg_ee7224,2.780664444
seg_ee87e2,4.04046154
seg_ee8f87,5.106663704
seg_eea20e,10.34899616
seg_eebbc2,5.192307949
seg_eee89d,3.645763874
seg_eefd4a,2.636643171
seg_ef24bd,5.05363512
seg_ef27c8,2.985944033
seg_ef47c4,8.10858345
seg_ef644a,5.49259758
seg_ef660a,8.747808456
seg_ef74dc,5.878054619
seg_ef779d,3.647480726
seg_ef9105,9.816047668
seg_efb639,7.861220837
seg_efbf3e,5.001111984
seg_efc5fb,10.43673038
seg_efd9ec,8.115474701
seg_f003ca,8.418300629
seg_f01368,6.880580425
seg_f0181d,4.804448605
seg_f02d32,5.364779949
seg_f056d8,5.427371502
seg_f0574b,5.667654514
seg_f073e2,5.640631199
seg_f0ce4a,5.698875427
seg_f0cedb,9.378032684
seg_f0d278,2.849280834
seg_f0db55,3.214440346
seg_f11620,5.284060001
seg_f11f77,5.17538929
seg_f165f6,2.669603586
seg_f19f8e,8.328922272
seg_f1a771,3.749691486
seg_f1b916,3.446616888
seg_f1f5b9,5.381231308
seg_f21a22,3.003956556
seg_f21bf4,7.317503929
seg_f22163,8.953987122
seg_f229bf,7.260123253
seg_f24292,5.070422649
seg_f2750c,6.339372158
seg_f2a20d,5.093446732
seg_f2ae5e,6.450465202
seg_f2b0c5,3.145815372
seg_f2cb5e,4.162488461
seg_f2f5a3,3.073395252
seg_f3063a,5.394852638
seg_f30b2f,6.884820461
seg_f30f0c,7.209857464
seg_f322b1,7.907953739
seg_f342a3,3.40220809
seg_f34877,7.246984959
seg_f383fb,5.459795952
seg_f3c578,3.827465773
seg_f43730,6.41329813
seg_f43ab6,2.04528904
seg_f455bc,8.722658157
seg_f46cc1,2.933226109
seg_f48363,3.324369431
seg_f48db9,5.001519203
seg_f4ad4b,5.040679932
seg_f4d644,2.955377817
seg_f52cdc,9.982364655
seg_f5406b,4.230241776
seg_f579ba,4.250235081
seg_f57ca1,9.131411552
seg_f59974,8.411457062
seg_f5a4ee,9.080800056
seg_f5a6ab,7.383850574
seg_f5d2dd,8.704802513
seg_f5e682,4.229521275
seg_f60872,5.438765526
seg_f618a8,8.676834106
seg_f61b0e,7.457633495
seg_f639cd,8.494346619
seg_f639ec,5.736748695
seg_f650cc,4.05434227
seg_f6659e,5.058094501
seg_f66db1,7.5340662
seg_f679c6,8.411600113
seg_f67ce2,3.232855797
seg_f6828d,2.121592283
seg_f69c38,3.780879021
seg_f6a217,3.524265289
seg_f6abc5,10.35553551
seg_f6b70c,7.044897556
seg_f6bae8,4.897149086
seg_f6c0cb,3.530801296
seg_f6c928,7.308495522
seg_f6cfd4,7.569261074
seg_f6d51b,2.469860077
seg_f6e1ca,4.860841274
seg_f6e89f,8.280405998
seg_f6f523,2.807226181
seg_f6f683,6.811792374
seg_f7050a,3.327919006
seg_f70b66,5.099960804
seg_f71db8,5.621539116
seg_f7290f,4.254353523
seg_f734c8,9.245089531
seg_f741af,4.66776371
seg_f77ee5,8.921708107
seg_f7d792,2.083334923
seg_f7de40,7.528251171
seg_f80e44,5.392377853
seg_f83d28,4.384139061
seg_f865be,3.119962454
seg_f86c41,4.666411877
seg_f88d4a,3.705485106
seg_f8db0a,4.144078255
seg_f8dd7e,6.359757423
seg_f931de,5.36368084
seg_f93ce5,3.744747162
seg_f95fd3,8.944102287
seg_f96d0e,3.15314889
seg_f96d5a,7.271570683
seg_f97274,3.426466227
seg_f99b64,6.575508595
seg_f9e4f2,10.10287571
seg_f9eea3,6.247991562
seg_fa0ac7,6.850968361
seg_fa34c7,8.115557671
seg_fa488e,3.873046398
seg_fa4df0,4.717434883
seg_fa6383,6.418811798
seg_fa796b,4.345542908
seg_fa9f00,5.210679054
seg_fad815,4.344020844
seg_fb00b3,10.41142941
seg_fb11ba,7.297728062
seg_fb1f5c,8.886178017
seg_fb4c26,5.381430626
seg_fb74f0,7.930599213
seg_fb76ca,5.219181061
seg_fb8af5,3.824888229
seg_fb9491,2.98582387
seg_fb9b2e,7.46583271
seg_fbce13,4.06909132
seg_fbd66b,4.929169655
seg_fbddb9,8.676236153
seg_fbe3c2,5.828083515
seg_fbf17a,8.701401711
seg_fbff25,2.961530685
seg_fc407c,5.445477962
seg_fc57d4,2.388143063
seg_fc8fd6,2.801680088
seg_fcb7d0,9.687021255
seg_fcca66,5.395127296
seg_fcd32e,5.732875347
seg_fd19b8,10.24027824
seg_fd374e,6.069581985
seg_fd6340,6.523416519
seg_fd8add,7.75449276
seg_fd9ac1,4.934507847
seg_fdba93,3.278541088
seg_fdc1d4,4.21108532
seg_fdd50e,2.789268017
seg_fde767,5.474861622
seg_fde86d,6.773920059
seg_fdff11,3.026552916
seg_fe2aac,4.083148956
seg_fe5945,3.260681391
seg_fe70c0,7.240273952
seg_fe73b1,9.339045525
seg_fe86f5,6.194790363
seg_fea3e2,7.331165314
seg_feb312,8.152822495
seg_fedbd1,8.587906837
seg_ff0f1b,4.101933002
seg_ff1a62,7.94283247
seg_ff2f2d,6.351742268
seg_ff4236,5.145814419
seg_ff7478,6.95411396
seg_ff79d9,4.689415455
seg_ffbd6a,2.015707731
seg_ffe7cc,11.16230965
